Metric,Value
nobs,310.0
r2_within,-0.08513095256165837
r2_overall,0.4581291586292543
pooled_r2,0.9218486662036168
max_vif,5818.4946655807835
median_vif,348.3803586226663
