variant_label,n_models,mean_main_r1xday,mean_main_amc,share_main_r1xday_prob_gt_095,share_main_amc_prob_gt_095,mean_interaction,share_interaction_prob_gt_095
Province + year additive,3,0.002874484688612867,0.009504236472778668,0.0,0.0,,0.0
Province + year amplification,3,-0.006009744574145833,0.013493573935708833,0.0,0.0,0.018493792207776333,0.0
Province-only additive,3,-0.004124875529777333,0.017470516990126802,0.0,0.0,,0.0
Province-only amplification,3,-0.023010096358065668,0.0241284206633209,0.0,0.0,0.0374556832255643,1.0
Year-only additive,3,0.15056148229156546,0.10732677095242239,1.0,1.0,,0.0
Year-only amplification,3,0.14459752352938038,0.11039719272537514,1.0,1.0,0.0172632716682848,0.0
